{
	"partials": {
		"cookiebar": {
			"close": "Close"
		},
		"disqus": {
			"noscript1": "Please enable JavaScript to view the",
			"noscript2": "comments powered by Disqus."
		},
		"menu": {			
			"close": "Close"
		},
		"pagination": {
			"prev": "Previous",
			"next": "Next"
		},
		"shareButtons": {
			"shareWithFacebook": "Share with Facebook",
			"shareWithTwitter": "Share with Twitter",
			"shareWithGooglePlus": "Share with Google Plus",
			"shareWithPinterest": "Share with Pinterest",
			"shareWithStumbleUpon": "Share with StumbleUpon",
			"shareWithLinkedIn": "Share with LinkedIn",
			"shareWithBuffer": "Share with Buffer"
		}
	},	
	"shared": {
		"menu": "Menu",
		"publishedBy": "by"
	},
	"error": {
		"404": "404",
		"pageNotFound": "Page not found.",
		"message1": "Ooops, something went wrong! ",
		"message2": "The page you were looking for appears to have been moved, deleted or does not exist. You could go back to where you were or head straight to our home page."
	}
}
